Node,Sending Delay,# sent,Receiving Delay,# received,Total delay
Node0,1.487687349319458,15,0,0,1.487687349319458
Node1,1.625908374786377,15,0.6520946025848389,15,2.278002977371216
Node2,1.724534034729004,15,0.7106857299804688,15,2.4352197647094727
Node3,1.4247162342071533,15,0.9964292049407959,15,2.421145439147949
Node4,1.4013340473175049,15,0.7990708351135254,15,2.2004048824310303
Node5,1.3217122554779053,15,0.5366230010986328,15,1.858335256576538
Node6,1.638268232345581,15,0.49966907501220703,15,2.137937307357788
Node7,0,0,0.9199206829071045,15,0.9199206829071045
